{
    "parts": {
        "bahen": {
            "frameCount": 25,
            "height": 111,
            "position": {
                "positionX": [
                    {
                        "index": 74,
                        "x": -193.5,
                        "y": -43.79
                    },
                    {
                        "index": 77,
                        "x": 13,
                        "y": -44.20
                    }
                ],
                "positionY": [
                ]
            },
            "positionRelationType": 1,
            "positionType": 1,
            "rotateCenter": [
                {
                    "index": 46,
                    "x": -89,
                    "y": 60.09
                }
            ],
            "scale": {
                "scaleX": {
                    "pointA": [
                        {
                            "index": 74,
                            "x": -193.5,
                            "y": -43.79
                        }
                    ],
                    "pointB": [
                        {
                            "index": 77,
                            "x": 13,
                            "y": -44.20
                        }
                    ]
                },
                "scaleY": {
                    "pointA": [
                    ],
                    "pointB": [
                    ]
                }
            },
            "triggerDelay": 0,
            "triggerLoop": 0,
            "triggerStop": false,
            "triggerType": 0,
            "width": 158,
            "zPosition": 1
        },
        "maozi": {
            "frameCount": 25,
            "height": 600,
            "position": {
                "positionX": [
                    {
                        "index": 74,
                        "x": 318.5,
                        "y": 454.20
                    },
                    {
                        "index": 77,
                        "x": 525,
                        "y": 453.79
                    }
                ],
                "positionY": [
                ]
            },
            "positionRelationType": 1,
            "positionType": 1,
            "rotateCenter": [
                {
                    "index": 46,
                    "x": 423,
                    "y": 558.09
                }
            ],
            "scale": {
                "scaleX": {
                    "pointA": [
                        {
                            "index": 74,
                            "x": 318.5,
                            "y": 454.20
                        }
                    ],
                    "pointB": [
                        {
                            "index": 77,
                            "x": 525,
                            "y": 453.79
                        }
                    ]
                },
                "scaleY": {
                    "pointA": [
                    ],
                    "pointB": [
                    ]
                }
            },
            "triggerDelay": 0,
            "triggerLoop": 0,
            "triggerStop": false,
            "triggerType": 0,
            "width": 851,
            "zPosition": 0
        }
    },
    "version": "1.1"
}
